{
    "title": "Texture1",
    "values": {
        "timeScale": 0.18,
        "scale1": 4.77,
        "scale2": 157.56,
        "intensity1": 0.22,
        "intensity2": 1,
        "color1": [0.9568627450980393, 0.9490196078431372, 0.8627450980392157],
        "color2": [0.5019607843137255, 0.49411764705882355, 0.4196078431372549]
    }
}
