{
    "title": "Texture2",
    "values": {
        "timeScale": 0,
        "scale1": 1.23,
        "scale2": 75.0,
        "intensity1": 0.19,
        "intensity2": 0.2,
        "color1": [0.07058823529411765, 0.07058823529411765, 0.07058823529411765],
        "color2": [0.5843137254901961, 0.5803921568627451, 0.5137254901960784]
    }
}
