{
    "title": "Texture4",
    "values": {
        "timeScale": 0.22,
        "scale1": 2.75,
        "scale2": 11.15,
        "intensity1": 0.19,
        "intensity2": 0.51,
        "color1": [
            0.054901960784313725,
            0.07058823529411765,
            0.10588235294117647
        ],
        "color2": [
            0.6274509803921569,
            0.7529411764705882,
            0.16470588235294117
        ]
    }
}