{
    "title": "Texture3",
    "values": {
        "timeScale": 0.11,
        "scale1": 13.77,
        "scale2": 27.47,
        "intensity1": 0.19,
        "intensity2": 0.98,
        "color1": [
            0.8823529411764706,
            0.6392156862745098,
            0.6392156862745098
        ],
        "color2": [
            0.11372549019607843,
            0.20784313725490197,
            0.7490196078431373
        ]
    }
}