{
    "values": {
        "blendFactor": 0.93,
        "warpDepth": 0.03,
        "baseScale": 4,
        "warpScale": 5,
        "timeScale1": 0.1,
        "timeScale3": 0,
        "timeScale2": 0.4,
        "timeScale4": 0.1,
        "color1": [0.13333333333333333, 0.03137254901960784, 0.28627450980392155],
        "color2": [0.42745098039215684, 0.22745098039215686, 0.7333333333333333],
        "color3": [0.9764705882352941, 0.7215686274509804, 0.5843137254901961],
        "easing": 7.51,
        "midpoint": 0.5,
        "rainbow": false
    }
}
