{
    "title": "Zenith A",
    "values": {
        "blendFactor": 0.952,
        "warpDepth": 0.008,
        "baseScale": 1.5,
        "warpScale": 100,
        "timeScale1": 0.6,
        "timeScale3": 0.02,
        "timeScale2": 0.46,
        "timeScale4": 0.14,
        "color1": [0.9882352941176471, 0.7372549019607844, 0.2235294117647059],
        "color2": [0.17647058823529413, 0.6392156862745098, 0.8196078431372549],
        "color3": [0.3607843137254902, 0.23921568627450981, 0.5411764705882353],
        "easing": 6,
        "midpoint": 0.5,
        "rainbow": false
    }
}
